{"cameraMode":{"drawMode":0,"name":"Shaded","section":"Shading Mode"},"sceneLighting":false,"audioPlay":false,"sceneViewState":{"showFog":true,"showMaterialUpdate":false,"showSkybox":false,"showFlares":true,"showImageEffects":true,"showParticleSystems":true},"in2DMode":false,"pivot":{"x":1.6461396217346192,"y":0.47628355026245119,"z":0.8763139247894287},"rotation":{"x":0.06895749270915985,"y":-0.09233603626489639,"z":0.0064118592999875549,"w":0.9933289289474487},"size":2.1247448921203615,"orthographic":false}