{"cameraMode":{"drawMode":0,"name":"Shaded","section":"Shading Mode"},"sceneLighting":true,"audioPlay":false,"sceneViewState":{"showFog":true,"showMaterialUpdate":false,"showSkybox":true,"showFlares":true,"showImageEffects":true,"showParticleSystems":true},"in2DMode":false,"pivot":{"x":-6.024553298950195,"y":4.884696006774902,"z":-6.3626556396484379},"rotation":{"x":0.007943613454699517,"y":0.9769702553749085,"z":-0.03695657104253769,"w":0.21007466316223145},"size":10.092305183410645,"orthographic":false}