{"cameraMode":{"drawMode":0,"name":"Shaded","section":"Shading Mode"},"sceneLighting":false,"audioPlay":false,"sceneViewState":{"showFog":true,"showMaterialUpdate":false,"showSkybox":false,"showFlares":true,"showImageEffects":true,"showParticleSystems":true},"in2DMode":false,"pivot":{"x":5.494759559631348,"y":0.643805205821991,"z":0.1711958646774292},"rotation":{"x":0.22192420065402986,"y":-0.014323054812848568,"z":0.0032608225010335447,"w":0.9749651551246643},"size":0.8382270932197571,"orthographic":false}